metric,control_n,treatment_n,control_mean,control_std,control_median,treatment_mean,treatment_std,treatment_median,absolute_diff,relative_lift_%,cohens_d,t_statistic,p_value,p_value_mw,ci_95_lower,ci_95_upper,ci_99_lower,ci_99_upper,statistical_power,required_sample_size,is_statistically_significant,is_practically_significant,variance_ratio,control_cv_%,treatment_cv_%
avg_revenue_per_visitor,9500,9500,0.8670941415265077,0.7034646622993652,0.6928787021492269,0.8780108353004593,0.7148517133712794,0.6930497654061407,0.010916693773951658,1.2589975241595985,0.015393380693497752,1.0609155496932872,0.28874176871355184,0.3460661789785704,-0.009251100574414351,0.031084488122317667,-0.015588280848150858,0.037421668396054174,0.18557363928094894,66248,False,True,0.9683952426115283,81.12898341821628,81.41718582853865
added_to_cart,9500,9500,0.8987368421052632,0.30169274377068633,1.0,0.9123157894736842,0.282849980088537,1.0,0.013578947368421024,1.5108924806746278,0.04643594856763221,3.2003768945289814,0.0013747357993788773,0.001376202860641925,0.005262974385499235,0.021894920351342814,0.002649906291190378,0.02450798844565167,0.8925887690784065,7280,True,True,1.137672930023516,33.56852970041602,31.003516912900675
