metric,control_n,treatment_n,control_mean,control_std,control_median,treatment_mean,treatment_std,treatment_median,absolute_diff,relative_lift_%,cohens_d,t_statistic,p_value,p_value_mw,ci_95_lower,ci_95_upper,ci_99_lower,ci_99_upper,statistical_power,required_sample_size,is_statistically_significant,is_practically_significant,variance_ratio,control_cv_%,treatment_cv_%
novelty_revenue,8000,8000,4.230696049470732,2.4503578695237533,3.77300331934513,4.476334193670185,2.6015832747321737,3.9818526425194394,0.24563814419945285,5.806092929559017,0.09720151477797093,6.14756357433808,8.054918139671134e-10,3.41884878278823e-08,0.16732388033890844,0.32395240805999725,0.14271575515096752,0.3485605332479382,0.9999859039837202,1662,True,True,0.8871224497674254,57.91855148351528,58.11861139436314
