metric,control_n,treatment_n,control_mean,control_std,control_median,treatment_mean,treatment_std,treatment_median,absolute_diff,relative_lift_%,cohens_d,t_statistic,p_value,p_value_mw,ci_95_lower,ci_95_upper,ci_99_lower,ci_99_upper,statistical_power,required_sample_size,is_statistically_significant,is_practically_significant,variance_ratio,control_cv_%,treatment_cv_%
pages_viewed,3500,3500,2.194394008081677,0.7704649276089213,2.1718126582304853,2.150392641322337,0.7101460812574921,2.129281589369583,-0.044001366759339966,-2.005171660024976,-0.0593875066601777,-2.484357644904844,0.013001748418469872,0.06748254318088377,-0.07871500563324191,-0.009287727885438017,-0.08962282151540493,0.0016200879967250004,0.7000020259676808,4451,True,True,1.1770918648119097,35.11060113960373,33.02401931680733
added_to_cart,3500,3500,0.9617142857142857,0.19191258778566342,1.0,0.8622857142857143,0.3446490957833317,1.0,-0.09942857142857142,-10.33868092691622,-0.3564533042967249,-14.911511551552838,1.5888680129838407e-49,8.51336913101634e-49,-0.11249742889218478,-0.08635971396495806,-0.11660396152972106,-0.08225318132742178,1.0,124,True,True,0.31006492167327987,19.95526016784973,39.96924570051892
bounced,3500,3500,0.434,0.4956956768606142,0.0,0.44542857142857145,0.4970840543178973,0.0,0.011428571428571455,2.6333113890717637,0.023023355320541783,0.9631360536693966,0.33551252968181455,0.33548020415719326,-0.011828359209010451,0.03468550206615336,-0.01913621645499052,0.041993359312133424,0.1611568449052899,29615,False,True,0.9944217138094644,114.2155937466853,111.59680501043236
revenue,3500,3500,3.49461624605353,2.552441793803649,2.8623538075014805,3.1271954263406254,2.2384330411677165,2.6020784612970225,-0.36742081971290474,-10.513910365060344,-0.1530551997383829,-6.402758373714684,1.6246799343606298e-10,2.3774545029315777e-08,-0.47989290311430904,-0.25494873631150045,-0.5152341930920687,-0.21960744633374074,0.9999955600992869,671,True,True,1.3002398697220692,73.03925850760069,71.57957006182633
