metric,control_n,treatment_n,control_mean,control_std,control_median,treatment_mean,treatment_std,treatment_median,absolute_diff,relative_lift_%,cohens_d,t_statistic,p_value,p_value_mw,ci_95_lower,ci_95_upper,ci_99_lower,ci_99_upper,statistical_power,required_sample_size,is_statistically_significant,is_practically_significant,variance_ratio,control_cv_%,treatment_cv_%
added_to_cart,21000,21000,0.8267619047619048,0.3784619904801441,1.0,0.8311428571428572,0.3746346107190006,1.0,0.004380952380952374,0.5298928694850815,0.011634352878570906,1.1921664114051642,0.23320273688351345,0.23319858663116577,-0.0028214891595126357,0.011583393921417384,-0.005084660315691807,0.013846565077596556,0.2221141476482745,115973,False,False,1.0205369737977272,45.7764186158451,45.07463518447927
